Weights_0,Weights_1,Weights_2,Weights_3
2.198521890069453921e-01
2.128899941293191100e-01
2.148452998723472118e-01
2.174398465271481784e-01
