Weights_0,Weights_1,Weights_2,Weights_3,Weights_4,Weights_5,Weights_6,Weights_7,Weights_8,Weights_9,Weights_10,Weights_11,Weights_12,Weights_13,Weights_14,Weights_15,Weights_16,Weights_17,Weights_18,Weights_19,Weights_20,Weights_21,Weights_22,Weights_23,Weights_24
1.140124482886027274e-01
1.213711694717205108e-01
1.233989789993457514e-01
1.025358521770823733e-01
9.237257808414538196e-02
8.334583084917053519e-02
6.978001558045755781e-02
5.690531205268634790e-02
7.156747194903541331e-02
7.658144372100911257e-02
7.740235199296371937e-02
6.870425969501731123e-02
5.694039048821048637e-02
3.917260874266209614e-02
2.442131368760798449e-02
1.123186432416115738e-02
7.364260852573250790e-03
2.919328090862110051e-03
4.179432847299339483e-03
2.599995344399351396e-03
-9.795849211716356822e-03
-2.200983089116422681e-02
-4.107166594439193297e-02
-3.669940624895872555e-02
-3.532155386152828480e-02
