Weights_0,Weights_1,Weights_2,Weights_3
1.574480274427917603e+00
-1.427154985916746943e+00
-1.427154985916746943e+00
-1.427154985916746943e+00
