Weights_0,Weights_1,Weights_2,Weights_3,Weights_4,Weights_5,Weights_6,Weights_7,Weights_8,Weights_9,Weights_10,Weights_11,Weights_12,Weights_13,Weights_14,Weights_15,Weights_16,Weights_17,Weights_18,Weights_19,Weights_20,Weights_21,Weights_22,Weights_23,Weights_24
1.140124320300588967e-01
1.213711435624835605e-01
1.233989516849883783e-01
1.025358399882599081e-01
9.237257470430676465e-02
8.334583356525410158e-02
6.978002293151293334e-02
5.690532212893966574e-02
7.156746918355705311e-02
7.658142897512901226e-02
7.740233002707568033e-02
6.870424207401426564e-02
5.694038042427512769e-02
3.917260933753938940e-02
2.442132589013848443e-02
1.123188238287224638e-02
7.364276670869526059e-03
2.919336674958764900e-03
4.179433942945679631e-03
2.599992292765698591e-03
-9.795850497149607983e-03
-2.200982378592105521e-02
-4.107164574255037920e-02
-3.669938726629929510e-02
-3.532153829802784500e-02
