Weights_0,Weights_1,Weights_2,Weights_3,Weights_4,Weights_5,Weights_6,Weights_7,Weights_8,Weights_9,Weights_10,Weights_11,Weights_12,Weights_13,Weights_14,Weights_15,Weights_16,Weights_17,Weights_18,Weights_19,Weights_20,Weights_21,Weights_22,Weights_23,Weights_24
1.140124243286483180e-01
1.213711312896980782e-01
1.233989387466195436e-01
1.025358342146089202e-01
9.237257310332522287e-02
8.334583485181042140e-02
6.978002641358133085e-02
5.690532690189247650e-02
7.156746787359208328e-02
7.658142199024634000e-02
7.740231962219501494e-02
6.870423372723495625e-02
5.694037565715386745e-02
3.917260961932167440e-02
2.442133167027498233e-02
1.123189093698621563e-02
7.364284163736862197e-03
2.919340741106754393e-03
4.179434461939459874e-03
2.599990847262968058e-03
-9.795851106030359357e-03
-2.200982042027601129e-02
-4.107163617326156646e-02
-3.669937827451975887e-02
-3.532153092584854742e-02
