Weights_0,Weights_1,Weights_2,Weights_3,Weights_4,Weights_5,Weights_6,Weights_7,Weights_8,Weights_9,Weights_10,Weights_11,Weights_12,Weights_13,Weights_14,Weights_15,Weights_16,Weights_17,Weights_18,Weights_19,Weights_20,Weights_21,Weights_22,Weights_23,Weights_24
1.140124063587024950e-01
1.213711026532264814e-01
1.233989085571196992e-01
1.025358207427610330e-01
9.237256936768861726e-02
8.334583785375174192e-02
6.978003453838095560e-02
5.690533803875792024e-02
7.156746481700292095e-02
7.658140569220558969e-02
7.740229534417379653e-02
6.870421425144468408e-02
5.694036453388463814e-02
3.917261027680948166e-02
2.442134515723630092e-02
1.123191089655436840e-02
7.364301647069785087e-03
2.919350228777900080e-03
4.179435672934563549e-03
2.599987474443307342e-03
-9.795852526730810736e-03
-2.200981256709555467e-02
-4.107161384493213108e-02
-3.669935729371703176e-02
-3.532151372411042323e-02
